No.,Usia,Penghasilan,Pekerjaan,Status Perkawinan,Jumlah Tanggungan,Pendidikan,Status Rumah,L/P,Ibu Hamil/Menyusui,Balita,Anak Prasekolah,Anak Sekolah,Lansia,Penyandang Disabilitas,Status Kelayakan
1,49,800000,PEDAGANG,MENIKAH,3,SD,MILIK ORANG TUA,L,Ya,Ya,Tidak,Tidak,Tidak,Tidak,Layak
2,42,3500000,KARYAWAN SWASTA,MENIKAH,3,SMA,KONTRAK,L,Tidak,Tidak,Tidak,Tidak,Tidak,Tidak,Tidak Layak
3,71,0,TIDAK ADA,CERAI MATI,1,SD,MILIK SENDIRI,P,Ya,Tidak,Tidak,Tidak,Tidak,Ya,Layak
4,45,1000000,PEDAGANG,MENIKAH,3,SMP,MILIK SENDIRI,L,Ya,Ya,Tidak,Ya,Tidak,Tidak,Layak
5,74,0,TIDAK ADA,CERAI MATI,1,SD,MILIK SENDIRI,P,Ya,Ya,Tidak,Tidak,Ya,Ya,Layak
6,40,1200000,WIRASWASTA,MENIKAH,4,SMP,MILIK ORANG TUA,L,Tidak,Tidak,Ya,Tidak,Tidak,Tidak,Layak
7,48,600000,PEDAGANG,MENIKAH,3,SD,KONTRAK,L,Tidak,Tidak,Tidak,Tidak,Tidak,Ya,Layak
8,80,0,TIDAK ADA,CERAI MATI,1,SD,MENUMPANG,P,Tidak,Ya,Ya,Tidak,Tidak,Ya,Layak
9,58,500000,BERTANI,MENIKAH,2,SD,MILIK SENDIRI,L,Tidak,Tidak,Ya,Tidak,Tidak,Tidak,Layak
10,36,1250000,BURUH,MENIKAH,5,SMP,KONTRAK,L,Tidak,Tidak,Ya,Ya,Ya,Ya,Layak
11,50,800000,ASISTEN RUMAH TANGGA,CERAI HIDUP,3,SD,BEBAS SEWA,P,Ya,Ya,Ya,Tidak,Ya,Ya,Layak
12,49,800000,WIRASWASTA,MENIKAH,4,SMP,MILIK SENDIRI,L,Ya,Ya,Ya,Tidak,Tidak,Ya,Layak
13,46,3000000,WIRASWASTA,MENIKAH,4,SMP,MILIK SENDIRI,P,Tidak,Tidak,Tidak,Ya,Tidak,Tidak,Tidak Layak
14,75,0,TIDAK ADA,MENIKAH,2,SD,MILIK SENDIRI,P,Ya,Ya,Tidak,Tidak,Tidak,Ya,Layak
15,42,1000000,BURUH,MENIKAH,4,SMP,MILIK SENDIRI,L,Tidak,Ya,Ya,Tidak,Ya,Ya,Layak
16,83,0,TIDAK ADA,CERAI MATI,1,SD,MILIK SENDIRI,P,Ya,Ya,Tidak,Tidak,Ya,Ya,Layak
17,82,0,TIDAK ADA,CERAI MATI,1,SD,MILIK SENDIRI,P,Tidak,Tidak,Tidak,Tidak,Tidak,Ya,Layak
18,40,1200000,BURUH,MENIKAH,3,SMP,KONTRAK,L,Tidak,Tidak,Tidak,Ya,Ya,Tidak,Layak
19,46,1000000,PEDAGANG,MENIKAH,4,SMP,MILIK ORANG TUA,L,Tidak,Tidak,Tidak,Tidak,Tidak,Ya,Layak
20,50,1250000,BURUH,MENIKAH,5,SMP,MILIK SENDIRI,L,Tidak,Tidak,Tidak,Tidak,Tidak,Ya,Layak
21,33,1200000,BURUH,MENIKAH,4,SD,KONTRAK,L,Tidak,Tidak,Tidak,Tidak,Tidak,Ya,Layak
22,44,3000000,PEDAGANG,MENIKAH,4,SD,MILIK SENDIRI,L,Tidak,Tidak,Tidak,Ya,Tidak,Tidak,Tidak Layak
23,55,4000000,PEDAGANG,MENIKAH,3,SD,MILIK SENDIRI,L,Tidak,Tidak,Tidak,Tidak,Tidak,Tidak,Tidak Layak
24,37,1000000,BURUH,MENIKAH,6,SD,KONTRAK,L,Tidak,Ya,Tidak,Tidak,Tidak,Tidak,Layak
25,67,1000000,TIDAK ADA,MENIKAH,4,SD,MILIK SENDIRI,P,Tidak,Tidak,Tidak,Tidak,Tidak,Ya,Layak
26,71,0,TIDAK ADA,CERAI MATI,2,SD,MILIK SENDIRI,P,Tidak,Tidak,Tidak,Tidak,Tidak,Ya,Layak
27,30,1500000,TIDAK ADA,MENIKAH,4,SMA,KONTRAK,P,Ya,Ya,Tidak,Tidak,Ya,Ya,Layak
28,50,4500000,PEDAGANG,MENIKAH,4,SMA,KONTRAK,L,Ya,Tidak,Tidak,Tidak,Tidak,Ya,Tidak Layak
29,47,0,TIDAK ADA,CERAI HIDUP,3,SMP,MILIK ORANG TUA,P,Ya,Ya,Ya,Tidak,Ya,Ya,Layak
30,38,2000000,TIDAK ADA,MENIKAH,5,SMA,KONTRAK,P,Ya,Ya,Tidak,Tidak,Ya,Ya,Layak
31,73,0,TIDAK ADA,CERAI MATI,1,SD,MILIK SENDIRI,P,Tidak,Ya,Ya,Tidak,Tidak,Ya,Layak
32,53,1500000,BURUH,MENIKAH,5,SMP,KONTRAK,L,Tidak,Tidak,Ya,Tidak,Tidak,Tidak,Layak
33,47,1800000,BURUH,MENIKAH,3,SMA,BEBAS SEWA,L,Tidak,Tidak,Ya,Tidak,Tidak,Tidak,Layak
34,37,1250000,BURUH,MENIKAH,4,SMP,KONTRAK,L,Tidak,Tidak,Tidak,Ya,Ya,Tidak,Layak
35,59,0,TIDAK ADA,MENIKAH,4,SD,KONTRAK,P,Ya,Ya,Tidak,Tidak,Ya,Ya,Layak
36,77,0,TIDAK ADA,CERAI MATI,1,SD,MILIK SENDIRI,P,Ya,Tidak,Tidak,Tidak,Tidak,Tidak,Layak
37,55,800000,BURUH,CERAI HIDUP,2,SMA,BEBAS SEWA,L,Tidak,Tidak,Tidak,Tidak,Tidak,Ya,Layak
38,39,2200000,PEGAWAI,MENIKAH,3,SMA,KONTRAK,L,Ya,Ya,Tidak,Tidak,Ya,Ya,Layak
39,53,800000,ASISTEN RUMAH TANGGA,CERAI HIDUP,2,SD,BEBAS SEWA,P,Ya,Ya,Tidak,Tidak,Ya,Ya,Layak
40,44,1250000,BURUH,MENIKAH,3,SMA,KONTRAK,L,Ya,Ya,Tidak,Tidak,Ya,Tidak,Layak
41,57,2500000,PEDAGANG,MENIKAH,4,SMA,KONTRAK,L,Tidak,Tidak,Ya,Tidak,Tidak,Tidak,Layak
42,41,1000000,PEDAGANG,CERAI HIDUP,3,SMA,BEBAS SEWA,P,Ya,Ya,Ya,Tidak,Ya,Tidak,Layak
43,66,400000,BERTANI,MENIKAH,3,SD,MILIK SENDIRI,L,Tidak,Tidak,Tidak,Ya,Tidak,Tidak,Layak
44,55,0,TIDAK ADA,MENIKAH,4,SMA,MILIK SENDIRI,P,Tidak,Tidak,Tidak,Tidak,Ya,Tidak,Layak
45,71,0,TIDAK ADA,CERAI MATI,1,SD,MILIK SENDIRI,P,Tidak,Tidak,Tidak,Tidak,Tidak,Ya,Layak
46,49,2300000,PEGAWAI,MENIKAH,4,SMA,KONTRAK,L,Ya,Ya,Tidak,Tidak,Ya,Ya,Layak
47,33,0,TIDAK ADA,CERAI HIDUP,2,SMA,MILIK ORANG TUA,P,Tidak,Tidak,Tidak,Tidak,Ya,Tidak,Layak
48,53,0,TIDAK ADA,MENIKAH,5,SD,BEBAS SEWA,P,Tidak,Tidak,Ya,Tidak,Tidak,Ya,Layak
49,54,1200000,PEGAWAI,MENIKAH,2,SD,MILIK ORANG TUA,L,Ya,Ya,Tidak,Tidak,Ya,Ya,Layak
50,73,0,TIDAK ADA,MENIKAH,2,SD,MILIK SENDIRI,P,Tidak,Tidak,Tidak,Tidak,Tidak,Ya,Layak
51,58,3500000,KARYAWAN SWASTA,MENIKAH,3,SMP,KONTRAK,L,Tidak,Tidak,Tidak,Tidak,Tidak,Tidak,Tidak Layak
52,48,0,TIDAK ADA,CERAI MATI,2,S1,BEBAS SEWA,P,Ya,Ya,Tidak,Tidak,Tidak,Tidak,Layak
53,46,1000000,BURUH,CERAI MATI,2,SD,BEBAS SEWA,L,Ya,Tidak,Tidak,Tidak,Tidak,Ya,Layak
54,66,500000,BERTANI,CERAI HIDUP,2,SMA,MILIK ORANG TUA,P,Tidak,Tidak,Tidak,Tidak,Tidak,Tidak,Tidak Layak
55,75,1000000,PETERNAK,CERAI MATI,1,SMP,MENUMPANG,P,Tidak,Tidak,Tidak,Ya,Tidak,Tidak,Tidak Layak
56,37,1200000,BURUH,MENIKAH,2,S1,BEBAS SEWA,L,Ya,Ya,Tidak,Ya,Tidak,Tidak,Layak
57,38,0,TIDAK ADA,CERAI MATI,3,SMA,BEBAS SEWA,P,Ya,Ya,Tidak,Tidak,Ya,Ya,Layak
58,48,0,TIDAK ADA,CERAI MATI,1,S1,KONTRAK,P,Tidak,Tidak,Ya,Tidak,Tidak,Tidak,Layak
59,67,1250000,BURUH,MENIKAH,1,S1,MILIK SENDIRI,L,Tidak,Tidak,Tidak,Tidak,Tidak,Ya,Layak
60,74,3500000,KARYAWAN SWASTA,CERAI MATI,3,S1,MILIK SENDIRI,L,Tidak,Tidak,Tidak,Tidak,Tidak,Tidak,Tidak Layak
61,80,1200000,KARYAWAN SWASTA,CERAI MATI,2,SMP,KONTRAK,L,Ya,Tidak,Tidak,Tidak,Tidak,Ya,Tidak Layak
62,72,1250000,BURUH,MENIKAH,2,SMP,MILIK ORANG TUA,L,Tidak,Ya,Ya,Tidak,Tidak,Ya,Layak
63,39,1200000,WIRASWASTA,MENIKAH,2,SMA,KONTRAK,L,Tidak,Tidak,Tidak,Tidak,Tidak,Tidak,Tidak Layak
64,50,1000000,BURUH,MENIKAH,2,S1,KONTRAK,L,Tidak,Tidak,Ya,Tidak,Tidak,Tidak,Layak
65,67,1500000,TIDAK ADA,CERAI MATI,2,SD,MILIK SENDIRI,P,Tidak,Tidak,Tidak,Tidak,Tidak,Ya,Layak
66,22,1800000,BURUH,MENIKAH,1,SMP,MILIK ORANG TUA,L,Ya,Ya,Ya,Tidak,Ya,Ya,Layak
67,75,1250000,PEDAGANG,CERAI MATI,5,SMA,BEBAS SEWA,L,Tidak,Tidak,Tidak,Tidak,Tidak,Tidak,Tidak Layak
68,72,800000,TIDAK ADA,MENIKAH,5,S1,KONTRAK,P,Ya,Ya,Ya,Tidak,Tidak,Ya,Layak
69,69,1250000,BURUH,MENIKAH,1,SMP,BEBAS SEWA,L,Ya,Ya,Tidak,Tidak,Tidak,Ya,Layak
70,78,1000000,PEDAGANG,CERAI MATI,2,SD,MILIK ORANG TUA,L,Ya,Tidak,Ya,Tidak,Tidak,Ya,Tidak Layak
71,45,1200000,BURUH,MENIKAH,1,SMA,MILIK SENDIRI,L,Tidak,Tidak,Tidak,Tidak,Tidak,Ya,Layak
72,78,0,TIDAK ADA,CERAI MATI,3,S1,MILIK SENDIRI,P,Ya,Ya,Tidak,Tidak,Ya,Ya,Layak
73,72,0,TIDAK ADA,MENIKAH,2,SD,MILIK ORANG TUA,P,Tidak,Tidak,Tidak,Tidak,Tidak,Ya,Layak
74,32,3000000,PEDAGANG,MENIKAH,3,SD,MILIK SENDIRI,L,Ya,Tidak,Tidak,Tidak,Ya,Tidak,Tidak Layak
75,60,0,TIDAK ADA,MENIKAH,1,SD,KONTRAK,P,Tidak,Tidak,Tidak,Ya,Ya,Tidak,Layak
76,80,0,TIDAK ADA,CERAI MATI,2,SMA,MILIK SENDIRI,P,Tidak,Tidak,Tidak,Tidak,Tidak,Ya,Layak
77,70,1200000,PETERNAK,CERAI MATI,3,SMP,MILIK ORANG TUA,P,Tidak,Tidak,Tidak,Ya,Tidak,Ya,Tidak Layak
78,75,1250000,BURUH,MENIKAH,5,SMA,MILIK ORANG TUA,L,Tidak,Tidak,Tidak,Tidak,Tidak,Ya,Layak
79,51,4000000,PEDAGANG,MENIKAH,3,S1,KONTRAK,L,Tidak,Tidak,Ya,Tidak,Tidak,Tidak,Tidak Layak
80,65,1200000,KARYAWAN SWASTA,CERAI HIDUP,3,SMA,MILIK ORANG TUA,L,Ya,Tidak,Ya,Tidak,Tidak,Tidak,Tidak Layak
81,39,1250000,BERTANI,MENIKAH,4,SMA,MILIK ORANG TUA,P,Tidak,Tidak,Tidak,Tidak,Tidak,Tidak,Tidak Layak
82,68,1200000,TIDAK ADA,MENIKAH,4,SMA,MILIK SENDIRI,P,Tidak,Tidak,Tidak,Tidak,Tidak,Ya,Layak
83,80,1000000,PETERNAK,CERAI MATI,3,SMA,MENUMPANG,P,Tidak,Tidak,Tidak,Tidak,Tidak,Ya,Tidak Layak
84,31,1500000,PEDAGANG,MENIKAH,2,SMA,MENUMPANG,L,Tidak,Tidak,Tidak,Tidak,Tidak,Tidak,Tidak Layak
85,60,1800000,TIDAK ADA,CERAI MATI,3,SMP,KONTRAK,P,Tidak,Ya,Tidak,Tidak,Tidak,Tidak,Layak
86,52,1250000,TIDAK ADA,CERAI MATI,3,S1,BEBAS SEWA,P,Tidak,Tidak,Tidak,Tidak,Tidak,Ya,Layak
87,66,800000,BERTANI,CERAI HIDUP,3,SMA,KONTRAK,P,Ya,Tidak,Tidak,Ya,Tidak,Tidak,Tidak Layak
88,75,1250000,PEDAGANG,CERAI MATI,2,SMA,MENUMPANG,L,Tidak,Tidak,Tidak,Tidak,Tidak,Tidak,Tidak Layak
89,52,1000000,KARYAWAN SWASTA,MENIKAH,3,SMA,MILIK SENDIRI,L,Ya,Tidak,Tidak,Tidak,Tidak,Tidak,Tidak Layak
90,37,1200000,BERTANI,MENIKAH,2,SMA,MILIK SENDIRI,P,Tidak,Tidak,Ya,Tidak,Tidak,Tidak,Tidak Layak
91,67,4500000,PEDAGANG,CERAI HIDUP,1,SMA,KONTRAK,L,Tidak,Tidak,Tidak,Tidak,Tidak,Tidak,Tidak Layak
92,79,1000000,PETERNAK,CERAI MATI,3,SD,MILIK ORANG TUA,P,Ya,Tidak,Tidak,Ya,Tidak,Ya,Tidak Layak
93,55,0,TIDAK ADA,MENIKAH,3,SMP,BEBAS SEWA,L,Tidak,Ya,Ya,Tidak,Tidak,Tidak,Tidak Layak
94,37,1250000,PEDAGANG,MENIKAH,1,SD,MILIK ORANG TUA,L,Tidak,Tidak,Tidak,Tidak,Ya,Tidak,Tidak Layak
95,52,0,TIDAK ADA,CERAI MATI,5,SD,MILIK SENDIRI,P,Tidak,Tidak,Tidak,Tidak,Tidak,Ya,Layak
96,31,3500000,KARYAWAN SWASTA,MENIKAH,3,SD,KONTRAK,L,Tidak,Tidak,Tidak,Tidak,Ya,Tidak,Tidak Layak
97,66,1000000,PEDAGANG,CERAI HIDUP,2,S1,MENUMPANG,L,Tidak,Tidak,Tidak,Tidak,Tidak,Tidak,Tidak Layak
98,52,3000000,PEDAGANG,MENIKAH,1,SMP,BEBAS SEWA,P,Ya,Tidak,Tidak,Tidak,Tidak,Tidak,Tidak Layak
99,57,0,TIDAK ADA,BELUM MENIKAH,3,SMA,MILIK SENDIRI,P,Tidak,Ya,Tidak,Tidak,Ya,Ya,Layak
100,41,0,TIDAK ADA,MENIKAH,2,S1,MILIK SENDIRI,P,Ya,Ya,Ya,Tidak,Ya,Ya,Layak
101,71,0,TIDAK ADA,CERAI MATI,1,SD,KONTRAK,P,Ya,Ya,Tidak,Tidak,Ya,Ya,Layak
102,80,3500000,KARYAWAN SWASTA,CERAI MATI,3,SD,BEBAS SEWA,L,Ya,Tidak,Tidak,Tidak,Tidak,Ya,Tidak Layak
103,58,1250000,BURUH,MENIKAH,4,SD,BEBAS SEWA,L,Tidak,Ya,Ya,Tidak,Tidak,Ya,Layak
104,55,1000000,BURUH,MENIKAH,3,SMA,MILIK SENDIRI,P,Tidak,Tidak,Ya,Tidak,Tidak,Tidak,Layak
105,29,1200000,PETERNAK,BELUM MENIKAH,2,SMA,BEBAS SEWA,P,Tidak,Tidak,Tidak,Ya,Tidak,Tidak,Tidak Layak
106,62,1250000,WIRASWASTA,MENIKAH,1,SMA,BEBAS SEWA,L,Tidak,Tidak,Tidak,Tidak,Tidak,Tidak,Tidak Layak
107,53,1200000,WIRASWASTA,BELUM MENIKAH,1,SD,MENUMPANG,L,Tidak,Tidak,Ya,Tidak,Tidak,Tidak,Layak
108,70,1000000,TIDAK ADA,MENIKAH,3,SMA,MILIK SENDIRI,P,Tidak,Tidak,Tidak,Ya,Ya,Tidak,Layak
109,68,1500000,TIDAK ADA,CERAI MATI,1,S1,BEBAS SEWA,L,Ya,Ya,Tidak,Tidak,Ya,Ya,Layak
110,68,1800000,BURUH,CERAI MATI,1,SMA,KONTRAK,L,Ya,Tidak,Tidak,Tidak,Tidak,Tidak,Layak
111,70,1250000,TIDAK ADA,MENIKAH,2,S1,BEBAS SEWA,P,Tidak,Tidak,Tidak,Tidak,Tidak,Ya,Layak
112,30,800000,TIDAK ADA,MENIKAH,3,SMP,MILIK SENDIRI,L,Ya,Ya,Tidak,Tidak,Tidak,Tidak,Tidak Layak
113,67,1250000,BURUH,CERAI HIDUP,1,SMP,MILIK SENDIRI,P,Ya,Ya,Tidak,Tidak,Ya,Ya,Layak
114,64,1000000,PEDAGANG,CERAI HIDUP,3,SD,MILIK ORANG TUA,L,Ya,Tidak,Tidak,Tidak,Ya,Tidak,Tidak Layak
115,57,1200000,TIDAK ADA,MENIKAH,3,SMP,BEBAS SEWA,P,Ya,Ya,Tidak,Tidak,Ya,Ya,Layak
116,61,1250000,BURUH,CERAI MATI,3,S1,MENUMPANG,P,Ya,Ya,Tidak,Tidak,Ya,Tidak,Layak
117,35,1000000,PEDAGANG,MENIKAH,1,SD,MILIK ORANG TUA,P,Tidak,Tidak,Tidak,Tidak,Ya,Tidak,Tidak Layak
118,27,1200000,KARYAWAN SWASTA,BELUM MENIKAH,1,SD,BEBAS SEWA,L,Tidak,Tidak,Tidak,Tidak,Ya,Tidak,Tidak Layak
119,36,1250000,TIDAK ADA,MENIKAH,2,SMA,KONTRAK,P,Tidak,Tidak,Ya,Tidak,Tidak,Tidak,Layak
120,40,1200000,WIRASWASTA,MENIKAH,3,SMA,MILIK SENDIRI,L,Tidak,Tidak,Tidak,Tidak,Tidak,Tidak,Tidak Layak
121,69,1000000,PETERNAK,CERAI MATI,3,S1,BEBAS SEWA,P,Tidak,Tidak,Tidak,Tidak,Tidak,Ya,Tidak Layak
122,79,1500000,KARYAWAN SWASTA,CERAI MATI,3,S1,MILIK SENDIRI,L,Tidak,Tidak,Tidak,Tidak,Tidak,Ya,Tidak Layak
123,64,1800000,BURUH,MENIKAH,3,SMP,KONTRAK,L,Ya,Ya,Ya,Tidak,Ya,Tidak,Layak
124,73,1250000,PEDAGANG,CERAI MATI,3,S1,MILIK ORANG TUA,L,Tidak,Tidak,Ya,Tidak,Tidak,Ya,Tidak Layak
125,71,800000,BURUH,MENIKAH,1,S1,MILIK SENDIRI,L,Tidak,Tidak,Tidak,Ya,Tidak,Tidak,Layak
126,36,1250000,BURUH,MENIKAH,1,S1,KONTRAK,L,Tidak,Tidak,Tidak,Tidak,Ya,Tidak,Layak
127,67,1000000,TIDAK ADA,CERAI HIDUP,2,SD,MILIK ORANG TUA,L,Ya,Ya,Tidak,Tidak,Tidak,Tidak,Tidak Layak
128,52,1200000,PEDAGANG,MENIKAH,2,SMA,BEBAS SEWA,L,Ya,Tidak,Ya,Tidak,Tidak,Tidak,Tidak Layak
129,25,0,TIDAK ADA,BELUM MENIKAH,3,SMA,MILIK ORANG TUA,P,Tidak,Tidak,Tidak,Tidak,Tidak,Tidak,Tidak Layak
130,46,4000000,PEDAGANG,MENIKAH,3,SD,MILIK ORANG TUA,L,Ya,Tidak,Tidak,Tidak,Ya,Tidak,Tidak Layak
131,79,0,TIDAK ADA,CERAI MATI,1,SMA,MENUMPANG,P,Tidak,Tidak,Tidak,Tidak,Tidak,Ya,Layak
132,61,0,TIDAK ADA,CERAI MATI,3,SMP,BEBAS SEWA,P,Ya,Ya,Tidak,Tidak,Ya,Ya,Layak
133,52,0,TIDAK ADA,MENIKAH,2,SD,MILIK SENDIRI,L,Tidak,Ya,Tidak,Tidak,Ya,Tidak,Tidak Layak
134,59,3000000,WIRASWASTA,MENIKAH,2,SMA,MILIK ORANG TUA,L,Tidak,Tidak,Tidak,Tidak,Tidak,Tidak,Tidak Layak
135,62,1000000,KARYAWAN SWASTA,MENIKAH,2,SMA,KONTRAK,L,Tidak,Tidak,Tidak,Tidak,Ya,Tidak,Layak
136,37,1250000,WIRASWASTA,MENIKAH,3,SMA,MILIK ORANG TUA,L,Tidak,Tidak,Tidak,Tidak,Tidak,Tidak,Tidak Layak
137,28,1500000,PEDAGANG,BELUM MENIKAH,1,SMA,MILIK ORANG TUA,L,Tidak,Tidak,Tidak,Tidak,Tidak,Tidak,Tidak Layak
138,33,3500000,KARYAWAN SWASTA,MENIKAH,1,SMP,KONTRAK,L,Ya,Tidak,Tidak,Tidak,Tidak,Tidak,Tidak Layak
139,36,0,TIDAK ADA,MENIKAH,1,SMA,MILIK SENDIRI,L,Ya,Ya,Ya,Tidak,Tidak,Tidak,Tidak Layak
140,30,3500000,KARYAWAN SWASTA,MENIKAH,3,SMP,MILIK ORANG TUA,L,Tidak,Tidak,Tidak,Tidak,Tidak,Tidak,Tidak Layak
141,55,0,TIDAK ADA,MENIKAH,3,SMA,MILIK ORANG TUA,P,Tidak,Tidak,Ya,Tidak,Tidak,Ya,Layak
142,66,0,TIDAK ADA,CERAI MATI,1,S1,BEBAS SEWA,P,Ya,Ya,Tidak,Tidak,Ya,Ya,Layak
143,74,0,TIDAK ADA,CERAI MATI,2,SMA,BEBAS SEWA,L,Ya,Ya,Tidak,Tidak,Tidak,Tidak,Tidak Layak
144,39,0,TIDAK ADA,MENIKAH,2,S1,MILIK ORANG TUA,P,Ya,Tidak,Tidak,Tidak,Tidak,Tidak,Tidak Layak
145,57,0,TIDAK ADA,CERAI MATI,3,S1,BEBAS SEWA,P,Tidak,Tidak,Tidak,Tidak,Tidak,Ya,Layak
146,89,0,TIDAK ADA,CERAI MATI,2,SMP,MILIK ORANG TUA,P,Ya,Ya,Tidak,Tidak,Tidak,Ya,Layak
147,47,3500000,KARYAWAN SWASTA,MENIKAH,2,SD,MILIK ORANG TUA,L,Tidak,Tidak,Tidak,Tidak,Ya,Tidak,Tidak Layak
148,51,1250000,PEDAGANG,MENIKAH,3,SMP,MILIK SENDIRI,L,Ya,Tidak,Ya,Tidak,Tidak,Tidak,Tidak Layak
149,58,500000,BERTANI,MENIKAH,2,SMA,MILIK ORANG TUA,P,Tidak,Tidak,Tidak,Ya,Tidak,Tidak,Tidak Layak
150,65,0,TIDAK ADA,MENIKAH,2,SD,MENUMPANG,P,Ya,Ya,Ya,Tidak,Tidak,Ya,Layak
151,62,0,TIDAK ADA,CERAI MATI,3,SD,BEBAS SEWA,P,Ya,Ya,Tidak,Tidak,Ya,Ya,Layak
152,82,0,TIDAK ADA,CERAI MATI,5,SD,MILIK SENDIRI,P,Ya,Ya,Tidak,Tidak,Tidak,Ya,Layak
153,51,1250000,BURUH,CERAI HIDUP,2,SMA,MILIK SENDIRI,P,Ya,Ya,Tidak,Tidak,Ya,Tidak,Layak
154,79,1000000,TIDAK ADA,CERAI MATI,2,SMP,KONTRAK,P,Ya,Ya,Tidak,Tidak,Ya,Ya,Layak
155,64,1200000,BERTANI,CERAI HIDUP,1,SMA,MENUMPANG,P,Tidak,Tidak,Tidak,Ya,Tidak,Tidak,Tidak Layak
156,34,1250000,KARYAWAN SWASTA,MENIKAH,1,SD,MILIK SENDIRI,L,Ya,Tidak,Tidak,Tidak,Ya,Tidak,Tidak Layak
157,48,1200000,BURUH,MENIKAH,3,SD,MILIK SENDIRI,L,Tidak,Ya,Tidak,Tidak,Tidak,Tidak,Layak
158,55,1000000,PEDAGANG,MENIKAH,2,SMP,KONTRAK,L,Tidak,Tidak,Tidak,Tidak,Tidak,Tidak,Tidak Layak
159,66,1500000,WIRASWASTA,MENIKAH,2,SD,MILIK ORANG TUA,L,Ya,Tidak,Tidak,Tidak,Tidak,Tidak,Layak
160,61,1800000,TIDAK ADA,MENIKAH,1,S1,MILIK ORANG TUA,P,Tidak,Ya,Tidak,Tidak,Tidak,Ya,Layak
161,30,1250000,PEDAGANG,MENIKAH,2,SMA,MILIK SENDIRI,L,Tidak,Tidak,Tidak,Tidak,Tidak,Tidak,Tidak Layak
162,47,800000,TIDAK ADA,MENIKAH,1,SMA,MENUMPANG,P,Tidak,Tidak,Ya,Tidak,Tidak,Tidak,Layak
163,63,1250000,TIDAK ADA,CERAI MATI,1,SMP,MILIK ORANG TUA,P,Tidak,Tidak,Tidak,Tidak,Tidak,Ya,Layak
164,46,1000000,TIDAK ADA,CERAI HIDUP,2,SMP,BEBAS SEWA,P,Ya,Ya,Tidak,Ya,Tidak,Tidak,Layak
165,73,1200000,PETERNAK,CERAI MATI,2,SD,BEBAS SEWA,P,Ya,Tidak,Tidak,Ya,Tidak,Tidak,Tidak Layak
166,27,0,TIDAK ADA,CERAI HIDUP,3,SD,KONTRAK,P,Ya,Ya,Ya,Tidak,Tidak,Ya,Layak
167,71,0,TIDAK ADA,CERAI MATI,1,SMP,KONTRAK,L,Tidak,Ya,Tidak,Tidak,Tidak,Ya,Tidak Layak
168,74,4500000,PEDAGANG,CERAI MATI,6,SD,BEBAS SEWA,L,Tidak,Tidak,Tidak,Tidak,Tidak,Tidak,Tidak Layak
169,61,0,TIDAK ADA,MENIKAH,1,SMP,MENUMPANG,P,Tidak,Ya,Tidak,Tidak,Tidak,Ya,Layak
170,64,3500000,KARYAWAN SWASTA,MENIKAH,2,SMA,KONTRAK,L,Tidak,Tidak,Tidak,Tidak,Tidak,Tidak,Tidak Layak
171,47,1250000,BURUH,MENIKAH,3,SMA,MILIK ORANG TUA,L,Ya,Tidak,Tidak,Tidak,Tidak,Tidak,Layak
172,50,1000000,TIDAK ADA,MENIKAH,3,SD,MILIK SENDIRI,P,Tidak,Tidak,Tidak,Tidak,Ya,Tidak,Layak
173,58,1200000,WIRASWASTA,MENIKAH,3,S1,MILIK ORANG TUA,L,Ya,Ya,Tidak,Tidak,Tidak,Tidak,Layak
174,36,1250000,PETERNAK,MENIKAH,2,SD,KONTRAK,P,Ya,Tidak,Tidak,Ya,Ya,Tidak,Tidak Layak
175,46,1200000,BURUH,MENIKAH,2,SD,MILIK SENDIRI,L,Ya,Tidak,Tidak,Ya,Tidak,Tidak,Layak
176,80,1000000,BURUH,CERAI MATI,1,SMA,MILIK ORANG TUA,L,Ya,Ya,Ya,Tidak,Tidak,Ya,Layak
177,65,1500000,TIDAK ADA,MENIKAH,3,SMA,BEBAS SEWA,P,Ya,Tidak,Tidak,Tidak,Tidak,Tidak,Layak
178,33,1800000,TIDAK ADA,MENIKAH,2,SMP,BEBAS SEWA,P,Tidak,Tidak,Ya,Tidak,Tidak,Tidak,Tidak Layak
179,46,1250000,TIDAK ADA,MENIKAH,2,SD,KONTRAK,L,Tidak,Ya,Tidak,Tidak,Ya,Tidak,Tidak Layak
180,74,800000,TIDAK ADA,CERAI MATI,1,SD,BEBAS SEWA,P,Tidak,Tidak,Tidak,Tidak,Tidak,Ya,Layak
181,70,1250000,TIDAK ADA,MENIKAH,2,SMA,MILIK ORANG TUA,P,Ya,Ya,Ya,Tidak,Tidak,Ya,Layak
182,71,1000000,PETERNAK,CERAI MATI,6,SD,MILIK SENDIRI,P,Tidak,Tidak,Tidak,Ya,Tidak,Ya,Tidak Layak
183,55,1200000,PEDAGANG,MENIKAH,3,SD,MILIK ORANG TUA,L,Tidak,Tidak,Tidak,Tidak,Ya,Tidak,Tidak Layak
184,77,0,TIDAK ADA,CERAI MATI,2,SD,MILIK ORANG TUA,L,Ya,Ya,Tidak,Tidak,Tidak,Ya,Tidak Layak
185,41,400000,BERTANI,MENIKAH,5,SMA,MILIK SENDIRI,P,Tidak,Tidak,Tidak,Tidak,Tidak,Tidak,Tidak Layak
186,59,1200000,PETERNAK,MENIKAH,3,SMP,KONTRAK,P,Tidak,Tidak,Tidak,Ya,Tidak,Tidak,Tidak Layak
187,75,0,TIDAK ADA,CERAI MATI,2,S1,MILIK ORANG TUA,P,Ya,Tidak,Tidak,Tidak,Tidak,Ya,Tidak Layak
188,51,0,TIDAK ADA,CERAI MATI,3,SMP,MILIK ORANG TUA,P,Tidak,Tidak,Ya,Tidak,Tidak,Ya,Layak
189,41,1250000,PEDAGANG,MENIKAH,3,SMA,MENUMPANG,P,Ya,Tidak,Ya,Tidak,Tidak,Tidak,Tidak Layak
190,35,1200000,WIRASWASTA,MENIKAH,2,SMA,MILIK ORANG TUA,L,Tidak,Tidak,Tidak,Tidak,Tidak,Tidak,Tidak Layak
191,73,1200000,WIRASWASTA,MENIKAH,3,SMA,KONTRAK,L,Tidak,Ya,Tidak,Tidak,Tidak,Tidak,Layak
192,29,1200000,WIRASWASTA,BELUM MENIKAH,4,SMA,MILIK ORANG TUA,L,Tidak,Tidak,Tidak,Tidak,Tidak,Tidak,Tidak Layak
193,62,0,TIDAK ADA,CERAI MATI,1,SMA,MILIK SENDIRI,P,Tidak,Tidak,Tidak,Tidak,Tidak,Ya,Layak
194,53,3500000,KARYAWAN SWASTA,MENIKAH,2,SMA,BEBAS SEWA,L,Ya,Tidak,Tidak,Tidak,Tidak,Tidak,Tidak Layak
195,51,0,TIDAK ADA,MENIKAH,2,SMA,MILIK ORANG TUA,L,Tidak,Ya,Ya,Tidak,Tidak,Tidak,Tidak Layak
196,47,1250000,PETERNAK,MENIKAH,2,SD,MILIK ORANG TUA,P,Tidak,Tidak,Tidak,Ya,Ya,Tidak,Tidak Layak
197,35,1000000,PETERNAK,MENIKAH,1,S1,KONTRAK,P,Tidak,Tidak,Tidak,Tidak,Tidak,Tidak,Tidak Layak
198,49,1000000,PEDAGANG,MENIKAH,2,SMP,BEBAS SEWA,P,Ya,Tidak,Tidak,Tidak,Tidak,Tidak,Tidak Layak
199,48,0,TIDAK ADA,MENIKAH,3,S1,MENUMPANG,P,Tidak,Tidak,Ya,Tidak,Tidak,Tidak,Layak
200,39,1250000,BURUH,MENIKAH,1,S1,MILIK SENDIRI,L,Ya,Ya,Tidak,Tidak,Tidak,Tidak,Layak
201,48,1000000,BURUH,MENIKAH,1,SMA,KONTRAK,L,Ya,Tidak,Tidak,Tidak,Tidak,Tidak,Layak
202,76,1200000,PEDAGANG,CERAI MATI,2,SMP,MILIK SENDIRI,L,Ya,Tidak,Ya,Tidak,Tidak,Ya,Tidak Layak
203,38,1250000,TIDAK ADA,MENIKAH,1,S1,BEBAS SEWA,P,Tidak,Tidak,Ya,Tidak,Tidak,Tidak,Layak
204,34,1200000,WIRASWASTA,MENIKAH,4,SMA,MILIK ORANG TUA,L,Tidak,Tidak,Tidak,Tidak,Tidak,Tidak,Tidak Layak
205,67,1000000,TIDAK ADA,CERAI HIDUP,1,S1,MILIK SENDIRI,P,Ya,Tidak,Tidak,Tidak,Tidak,Tidak,Tidak Layak
206,41,1500000,BURUH,MENIKAH,2,SD,BEBAS SEWA,L,Ya,Ya,Ya,Tidak,Ya,Tidak,Layak
207,30,1800000,PETERNAK,MENIKAH,1,S1,KONTRAK,P,Tidak,Tidak,Tidak,Tidak,Tidak,Tidak,Tidak Layak
208,62,1250000,PEDAGANG,MENIKAH,3,S1,MILIK SENDIRI,L,Ya,Tidak,Tidak,Tidak,Tidak,Tidak,Tidak Layak
209,40,800000,PEDAGANG,MENIKAH,1,SMP,KONTRAK,L,Tidak,Ya,Tidak,Tidak,Tidak,Tidak,Layak
210,33,1250000,TIDAK ADA,MENIKAH,2,S1,MILIK ORANG TUA,P,Tidak,Tidak,Tidak,Tidak,Tidak,Tidak,Tidak Layak
211,73,1000000,PEDAGANG,CERAI MATI,3,SMP,BEBAS SEWA,L,Tidak,Tidak,Ya,Tidak,Tidak,Ya,Tidak Layak
212,46,1200000,WIRASWASTA,MENIKAH,3,SMA,MILIK SENDIRI,L,Tidak,Tidak,Tidak,Tidak,Tidak,Tidak,Tidak Layak
213,41,3500000,KARYAWAN SWASTA,MENIKAH,1,SMA,KONTRAK,L,Tidak,Tidak,Tidak,Tidak,Tidak,Tidak,Tidak Layak
214,33,1200000,PETERNAK,MENIKAH,2,SD,BEBAS SEWA,P,Ya,Tidak,Tidak,Ya,Ya,Tidak,Tidak Layak
215,40,0,TIDAK ADA,MENIKAH,2,S1,KONTRAK,L,Tidak,Ya,Tidak,Tidak,Tidak,Tidak,Tidak Layak
216,51,1250000,BURUH,BELUM MENIKAH,2,SMP,KONTRAK,L,Tidak,Ya,Ya,Tidak,Tidak,Ya,Layak
217,60,1000000,TIDAK ADA,MENIKAH,2,S1,MILIK ORANG TUA,P,Ya,Ya,Tidak,Tidak,Ya,Tidak,Layak
218,63,1200000,TIDAK ADA,MENIKAH,2,SD,MILIK ORANG TUA,P,Ya,Ya,Tidak,Ya,Tidak,Tidak,Layak
219,65,1250000,TIDAK ADA,CERAI MATI,1,SD,MILIK ORANG TUA,P,Tidak,Tidak,Ya,Tidak,Tidak,Ya,Layak
220,48,1200000,TIDAK ADA,MENIKAH,3,SMP,MILIK ORANG TUA,P,Ya,Ya,Tidak,Tidak,Ya,Ya,Layak
221,49,1000000,BURUH,MENIKAH,2,SMP,BEBAS SEWA,L,Ya,Ya,Ya,Tidak,Tidak,Ya,Layak
222,37,1500000,PEDAGANG,MENIKAH,1,S1,MILIK ORANG TUA,P,Tidak,Tidak,Ya,Tidak,Tidak,Tidak,Tidak Layak
223,53,1800000,WIRASWASTA,MENIKAH,2,S1,BEBAS SEWA,L,Ya,Ya,Tidak,Tidak,Ya,Tidak,Layak
224,53,1250000,WIRASWASTA,MENIKAH,1,SD,BEBAS SEWA,L,Ya,Tidak,Tidak,Ya,Tidak,Tidak,Layak
225,50,800000,BURUH,MENIKAH,1,SD,MENUMPANG,L,Ya,Tidak,Tidak,Tidak,Tidak,Tidak,Layak
226,68,1250000,BERTANI,CERAI HIDUP,1,SMA,MILIK SENDIRI,P,Ya,Tidak,Tidak,Ya,Tidak,Tidak,Tidak Layak
227,26,1000000,WIRASWASTA,BELUM MENIKAH,2,SMA,BEBAS SEWA,L,Tidak,Tidak,Tidak,Tidak,Tidak,Tidak,Tidak Layak
228,55,1200000,TIDAK ADA,CERAI MATI,3,SD,BEBAS SEWA,P,Ya,Ya,Ya,Tidak,Tidak,Ya,Layak
229,60,1000000,KARYAWAN SWASTA,MENIKAH,1,SMA,MENUMPANG,L,Tidak,Tidak,Tidak,Tidak,Tidak,Ya,Layak
230,41,3000000,PEDAGANG,MENIKAH,2,SMP,KONTRAK,P,Ya,Tidak,Tidak,Tidak,Tidak,Tidak,Tidak Layak
231,27,1250000,PETERNAK,BELUM MENIKAH,1,S1,MILIK SENDIRI,P,Tidak,Tidak,Tidak,Tidak,Tidak,Tidak,Tidak Layak
232,72,500000,BERTANI,MENIKAH,1,SMP,MILIK SENDIRI,L,Tidak,Tidak,Tidak,Tidak,Tidak,Ya,Layak
233,66,800000,WIRASWASTA,CERAI MATI,3,S1,MILIK ORANG TUA,L,Tidak,Tidak,Tidak,Tidak,Tidak,Ya,Layak
234,67,1250000,BURUH,CERAI MATI,1,SD,MILIK ORANG TUA,P,Tidak,Tidak,Tidak,Tidak,Tidak,Ya,Layak
235,55,1000000,PEDAGANG,MENIKAH,2,SD,MENUMPANG,P,Ya,Tidak,Ya,Tidak,Ya,Tidak,Tidak Layak
236,61,1200000,PEDAGANG,MENIKAH,3,S1,BEBAS SEWA,L,Ya,Tidak,Tidak,Tidak,Tidak,Tidak,Tidak Layak
237,47,1250000,BURUH,MENIKAH,1,SMA,BEBAS SEWA,L,Tidak,Tidak,Tidak,Tidak,Ya,Tidak,Layak
238,32,1200000,KARYAWAN SWASTA,MENIKAH,3,SMP,MILIK SENDIRI,L,Tidak,Tidak,Tidak,Tidak,Tidak,Tidak,Tidak Layak
239,60,1000000,TIDAK ADA,CERAI HIDUP,3,SD,MILIK SENDIRI,P,Tidak,Tidak,Tidak,Tidak,Tidak,Ya,Layak
240,33,1500000,KARYAWAN SWASTA,MENIKAH,1,S1,KONTRAK,L,Ya,Tidak,Ya,Tidak,Tidak,Tidak,Tidak Layak
241,71,1800000,TIDAK ADA,CERAI MATI,3,SD,MILIK ORANG TUA,P,Ya,Ya,Ya,Tidak,Tidak,Ya,Layak
242,76,1250000,BURUH,MENIKAH,1,S1,MILIK SENDIRI,L,Tidak,Ya,Tidak,Tidak,Tidak,Tidak,Layak
243,49,800000,BERTANI,MENIKAH,2,SMA,KONTRAK,P,Tidak,Tidak,Tidak,Ya,Tidak,Tidak,Tidak Layak
244,53,1250000,TIDAK ADA,MENIKAH,3,SMP,KONTRAK,P,Ya,Ya,Tidak,Tidak,Ya,Tidak,Layak
245,32,1000000,BURUH,MENIKAH,3,S1,MILIK ORANG TUA,L,Ya,Tidak,Tidak,Tidak,Tidak,Ya,Layak
246,63,1200000,TIDAK ADA,MENIKAH,3,S1,MILIK ORANG TUA,P,Ya,Ya,Tidak,Tidak,Ya,Ya,Layak
247,58,0,TIDAK ADA,CERAI HIDUP,3,SMA,KONTRAK,P,Tidak,Tidak,Tidak,Tidak,Tidak,Ya,Layak
248,48,0,TIDAK ADA,CERAI MATI,1,SMA,MILIK ORANG TUA,P,Ya,Ya,Tidak,Tidak,Tidak,Tidak,Layak
249,71,0,TIDAK ADA,CERAI HIDUP,1,SMA,KONTRAK,P,Tidak,Tidak,Tidak,Tidak,Tidak,Ya,Layak
250,39,1250000,PEDAGANG,MENIKAH,2,SD,MILIK ORANG TUA,L,Tidak,Tidak,Tidak,Tidak,Ya,Tidak,Tidak Layak
251,89,1250000,BURUH,CERAI HIDUP,3,SD,KONTRAK,P,Ya,Ya,Ya,Tidak,Ya,Ya,Layak
252,66,1000000,TIDAK ADA,MENIKAH,6,S1,MILIK ORANG TUA,P,Tidak,Tidak,Tidak,Tidak,Ya,Tidak,Layak
253,48,1200000,KARYAWAN SWASTA,MENIKAH,1,SD,MILIK ORANG TUA,L,Tidak,Tidak,Tidak,Tidak,Ya,Tidak,Tidak Layak
254,48,1250000,BURUH,MENIKAH,2,SD,KONTRAK,L,Tidak,Tidak,Tidak,Tidak,Tidak,Ya,Layak
255,29,1200000,TIDAK ADA,MENIKAH,1,S1,MENUMPANG,P,Ya,Ya,Tidak,Tidak,Tidak,Tidak,Layak
256,76,1000000,TIDAK ADA,MENIKAH,2,SD,MENUMPANG,P,Ya,Tidak,Tidak,Ya,Tidak,Tidak,Layak
257,51,1500000,TIDAK ADA,CERAI MATI,1,S1,MILIK SENDIRI,P,Ya,Ya,Tidak,Tidak,Ya,Ya,Layak
258,77,1800000,WIRASWASTA,MENIKAH,1,SMA,KONTRAK,L,Tidak,Tidak,Tidak,Ya,Tidak,Tidak,Layak
259,67,1250000,PETERNAK,CERAI HIDUP,1,S1,BEBAS SEWA,P,Tidak,Tidak,Tidak,Tidak,Tidak,Tidak,Tidak Layak
260,47,800000,TIDAK ADA,CERAI MATI,3,SMP,MILIK ORANG TUA,P,Ya,Ya,Tidak,Tidak,Ya,Ya,Layak
261,75,1250000,TIDAK ADA,CERAI HIDUP,2,SD,BEBAS SEWA,L,Ya,Ya,Ya,Tidak,Tidak,Ya,Layak
262,59,1000000,TIDAK ADA,CERAI MATI,2,S1,KONTRAK,P,Tidak,Tidak,Ya,Tidak,Tidak,Ya,Layak
263,41,1200000,PEDAGANG,MENIKAH,3,SMP,MILIK ORANG TUA,L,Ya,Tidak,Tidak,Tidak,Tidak,Tidak,Tidak Layak
264,60,1250000,BURUH,MENIKAH,1,SD,MILIK SENDIRI,L,Tidak,Tidak,Tidak,Tidak,Tidak,Ya,Layak
265,55,1000000,KARYAWAN SWASTA,MENIKAH,1,SMA,MILIK ORANG TUA,L,Tidak,Tidak,Tidak,Ya,Tidak,Tidak,Layak
266,56,1200000,KARYAWAN SWASTA,MENIKAH,2,SMP,KONTRAK,L,Ya,Ya,Ya,Ya,Tidak,Tidak,Layak
267,69,1250000,KARYAWAN SWASTA,CERAI HIDUP,2,SMA,BEBAS SEWA,L,Tidak,Tidak,Tidak,Tidak,Tidak,Tidak,Tidak Layak
268,45,1200000,TIDAK ADA,CERAI HIDUP,2,SMP,KONTRAK,P,Tidak,Tidak,Tidak,Tidak,Tidak,Ya,Layak
269,50,1000000,TIDAK ADA,MENIKAH,1,SMA,BEBAS SEWA,P,Tidak,Tidak,Tidak,Tidak,Tidak,Ya,Layak
270,36,1500000,TIDAK ADA,BELUM MENIKAH,3,S1,KONTRAK,P,Tidak,Ya,Tidak,Tidak,Tidak,Tidak,Layak
271,53,1800000,BURUH,MENIKAH,3,SMA,BEBAS SEWA,L,Ya,Ya,Tidak,Tidak,Tidak,Tidak,Layak
272,82,1250000,BERTANI,CERAI HIDUP,2,SMA,MILIK ORANG TUA,L,Ya,Ya,Tidak,Tidak,Ya,Ya,Layak
273,52,800000,TIDAK ADA,MENIKAH,1,SMA,BEBAS SEWA,P,Tidak,Tidak,Tidak,Tidak,Ya,Tidak,Layak
274,32,1250000,PETERNAK,MENIKAH,1,SD,MILIK ORANG TUA,P,Ya,Tidak,Tidak,Ya,Ya,Tidak,Tidak Layak
275,47,1000000,PETERNAK,MENIKAH,3,SD,MILIK ORANG TUA,P,Ya,Tidak,Tidak,Ya,Ya,Tidak,Tidak Layak
276,50,1200000,BURUH,MENIKAH,3,SD,MILIK SENDIRI,L,Tidak,Ya,Ya,Tidak,Tidak,Ya,Layak
277,64,1250000,BURUH,MENIKAH,3,SMA,MILIK SENDIRI,L,Tidak,Tidak,Ya,Tidak,Tidak,Tidak,Layak
278,64,1000000,TIDAK ADA,CERAI HIDUP,2,SMP,MILIK SENDIRI,P,Tidak,Tidak,Tidak,Tidak,Tidak,Tidak,Tidak Layak
279,65,1200000,PEDAGANG,CERAI HIDUP,1,SMA,MILIK ORANG TUA,L,Tidak,Tidak,Tidak,Tidak,Tidak,Tidak,Tidak Layak
280,51,1250000,BURUH,MENIKAH,1,S1,MILIK SENDIRI,P,Ya,Ya,Tidak,Tidak,Ya,Ya,Layak
281,45,1200000,TIDAK ADA,CERAI MATI,2,S1,KONTRAK,P,Tidak,Tidak,Tidak,Tidak,Tidak,Ya,Layak
282,76,1000000,KARYAWAN SWASTA,CERAI MATI,1,SD,KONTRAK,L,Ya,Tidak,Tidak,Tidak,Tidak,Ya,Tidak Layak
283,38,1500000,BURUH,MENIKAH,1,SMP,MILIK ORANG TUA,L,Tidak,Tidak,Tidak,Ya,Tidak,Tidak,Layak
284,50,1800000,PEDAGANG,MENIKAH,3,SMA,MILIK SENDIRI,L,Ya,Tidak,Tidak,Tidak,Tidak,Tidak,Tidak Layak
285,65,1250000,PETERNAK,CERAI HIDUP,2,SMP,MENUMPANG,P,Tidak,Tidak,Tidak,Ya,Tidak,Tidak,Tidak Layak
286,69,800000,TIDAK ADA,CERAI MATI,1,S1,KONTRAK,L,Tidak,Ya,Tidak,Tidak,Tidak,Ya,Tidak Layak
287,32,1250000,KARYAWAN SWASTA,MENIKAH,3,SMP,KONTRAK,L,Tidak,Tidak,Ya,Tidak,Tidak,Tidak,Tidak Layak
288,76,1000000,TIDAK ADA,CERAI MATI,3,S1,MILIK ORANG TUA,P,Tidak,Tidak,Tidak,Tidak,Tidak,Ya,Layak
289,26,1200000,KARYAWAN SWASTA,BELUM MENIKAH,3,SD,MENUMPANG,L,Tidak,Tidak,Tidak,Tidak,Ya,Tidak,Tidak Layak
290,48,1250000,BURUH,MENIKAH,1,SMA,MILIK SENDIRI,L,Tidak,Tidak,Tidak,Tidak,Ya,Tidak,Layak
291,73,1000000,TIDAK ADA,MENIKAH,3,SD,KONTRAK,P,Tidak,Tidak,Ya,Tidak,Tidak,Tidak,Layak
292,66,1200000,PEDAGANG,CERAI HIDUP,1,SMA,MILIK ORANG TUA,L,Ya,Tidak,Tidak,Tidak,Tidak,Tidak,Tidak Layak
293,68,1250000,BURUH,MENIKAH,2,S1,MENUMPANG,L,Tidak,Tidak,Ya,Tidak,Tidak,Tidak,Layak
294,78,1200000,PEDAGANG,CERAI MATI,3,SMP,BEBAS SEWA,L,Tidak,Tidak,Ya,Tidak,Tidak,Ya,Tidak Layak
295,57,1000000,PEDAGANG,MENIKAH,3,SMA,MENUMPANG,L,Tidak,Tidak,Tidak,Tidak,Tidak,Tidak,Tidak Layak
296,55,1500000,KARYAWAN SWASTA,MENIKAH,3,SD,MENUMPANG,L,Tidak,Tidak,Tidak,Tidak,Ya,Tidak,Tidak Layak
297,67,1800000,TIDAK ADA,CERAI MATI,2,S1,BEBAS SEWA,P,Tidak,Tidak,Tidak,Tidak,Tidak,Ya,Layak
298,70,1250000,TIDAK ADA,CERAI HIDUP,2,SD,BEBAS SEWA,P,Tidak,Tidak,Tidak,Tidak,Ya,Tidak,Layak
299,72,800000,PEDAGANG,CERAI MATI,3,SMA,KONTRAK,P,Tidak,Tidak,Tidak,Tidak,Tidak,Ya,Tidak Layak
300,79,1250000,BERTANI,CERAI MATI,1,SMA,BEBAS SEWA,P,Ya,Tidak,Tidak,Ya,Tidak,Ya,Tidak Layak
301,79,1000000,BURUH,CERAI MATI,1,SMP,MILIK SENDIRI,P,Ya,Ya,Ya,Tidak,Tidak,Ya,Layak
302,30,1200000,KARYAWAN SWASTA,MENIKAH,2,SD,KONTRAK,L,Ya,Tidak,Tidak,Tidak,Ya,Tidak,Tidak Layak
303,42,0,TIDAK ADA,MENIKAH,2,SMP,MILIK ORANG TUA,P,Tidak,Tidak,Ya,Tidak,Tidak,Ya,Layak
304,56,3500000,KARYAWAN SWASTA,MENIKAH,2,SD,MENUMPANG,L,Tidak,Tidak,Ya,Tidak,Ya,Tidak,Tidak Layak
305,56,0,TIDAK ADA,MENIKAH,1,SMA,KONTRAK,P,Tidak,Tidak,Tidak,Tidak,Tidak,Ya,Layak
306,64,1250000,BURUH,MENIKAH,2,SMP,KONTRAK,L,Ya,Tidak,Tidak,Tidak,Ya,Tidak,Layak
307,78,1000000,PETERNAK,CERAI MATI,2,SMA,KONTRAK,P,Tidak,Tidak,Tidak,Ya,Tidak,Ya,Tidak Layak
308,73,1200000,TIDAK ADA,MENIKAH,3,SD,MILIK ORANG TUA,P,Tidak,Tidak,Tidak,Tidak,Tidak,Ya,Layak
309,70,1250000,BERTANI,CERAI MATI,3,SMA,KONTRAK,P,Tidak,Tidak,Tidak,Ya,Tidak,Ya,Tidak Layak
310,72,1200000,TIDAK ADA,MENIKAH,3,S1,MILIK ORANG TUA,P,Ya,Ya,Ya,Tidak,Tidak,Tidak,Layak
311,25,1000000,PEDAGANG,BELUM MENIKAH,2,SMP,MILIK SENDIRI,L,Tidak,Tidak,Ya,Tidak,Tidak,Tidak,Tidak Layak
312,45,1500000,PEDAGANG,MENIKAH,1,SD,MILIK SENDIRI,L,Tidak,Tidak,Tidak,Tidak,Ya,Tidak,Tidak Layak
313,68,1800000,KARYAWAN SWASTA,CERAI HIDUP,2,SMA,MILIK ORANG TUA,L,Tidak,Tidak,Ya,Tidak,Tidak,Tidak,Tidak Layak
314,59,1250000,TIDAK ADA,MENIKAH,3,SMP,MILIK SENDIRI,L,Ya,Ya,Ya,Tidak,Tidak,Tidak,Tidak Layak
315,70,800000,TIDAK ADA,CERAI HIDUP,1,SMA,KONTRAK,P,Tidak,Tidak,Ya,Tidak,Tidak,Tidak,Layak
316,49,1250000,TIDAK ADA,MENIKAH,2,SMP,MILIK SENDIRI,L,Tidak,Ya,Ya,Tidak,Tidak,Tidak,Tidak Layak
317,62,1000000,TIDAK ADA,CERAI MATI,1,S1,MENUMPANG,P,Tidak,Tidak,Tidak,Tidak,Ya,Tidak,Layak
318,80,1200000,PEDAGANG,MENIKAH,3,SMA,BEBAS SEWA,L,Tidak,Tidak,Tidak,Tidak,Tidak,Ya,Layak
319,80,3500000,KARYAWAN SWASTA,CERAI MATI,1,SMA,MILIK SENDIRI,L,Ya,Tidak,Tidak,Tidak,Tidak,Ya,Tidak Layak
320,78,1000000,PETERNAK,MENIKAH,3,SD,BEBAS SEWA,L,Ya,Ya,Tidak,Tidak,Ya,Tidak,Layak
321,48,1800000,PEDAGANG,MENIKAH,3,SD,KONTRAK,L,Tidak,Tidak,Tidak,Tidak,Ya,Tidak,Tidak Layak
322,28,3500000,KARYAWAN SWASTA,BELUM MENIKAH,1,SMA,MILIK SENDIRI,L,Tidak,Tidak,Tidak,Tidak,Tidak,Tidak,Tidak Layak
323,56,1250000,BERTANI,MENIKAH,3,SMP,MILIK ORANG TUA,P,Ya,Tidak,Tidak,Tidak,Tidak,Tidak,Tidak Layak
324,50,1250000,BURUH,MENIKAH,3,SD,MILIK SENDIRI,L,Ya,Ya,Tidak,Tidak,Tidak,Tidak,Layak
325,64,1000000,TIDAK ADA,CERAI MATI,3,SMA,MILIK ORANG TUA,P,Tidak,Tidak,Tidak,Tidak,Tidak,Ya,Layak
326,64,1200000,WIRASWASTA,MENIKAH,1,SMA,KONTRAK,L,Tidak,Tidak,Tidak,Tidak,Tidak,Tidak,Tidak Layak
327,73,1250000,TIDAK ADA,CERAI HIDUP,1,SMP,MILIK ORANG TUA,P,Tidak,Tidak,Tidak,Tidak,Tidak,Ya,Layak
328,77,1200000,TIDAK ADA,CERAI MATI,2,SD,KONTRAK,P,Ya,Ya,Tidak,Tidak,Ya,Ya,Layak
329,68,1000000,TIDAK ADA,CERAI HIDUP,2,SMA,MENUMPANG,L,Tidak,Ya,Ya,Tidak,Tidak,Tidak,Tidak Layak
330,73,1500000,BURUH,CERAI MATI,2,S1,MILIK SENDIRI,P,Tidak,Tidak,Tidak,Tidak,Ya,Tidak,Layak
331,53,1800000,PEDAGANG,MENIKAH,3,SD,BEBAS SEWA,P,Tidak,Tidak,Ya,Tidak,Ya,Tidak,Tidak Layak
332,49,1250000,KARYAWAN SWASTA,MENIKAH,1,SMA,BEBAS SEWA,L,Tidak,Tidak,Tidak,Tidak,Tidak,Tidak,Tidak Layak
333,68,800000,PETERNAK,CERAI HIDUP,2,SMA,MENUMPANG,P,Tidak,Tidak,Tidak,Ya,Tidak,Tidak,Tidak Layak
334,43,1250000,BURUH,MENIKAH,1,S1,MILIK ORANG TUA,L,Tidak,Tidak,Ya,Tidak,Tidak,Tidak,Layak
335,72,1000000,WIRASWASTA,CERAI MATI,3,SMA,MILIK ORANG TUA,L,Tidak,Tidak,Tidak,Tidak,Tidak,Ya,Tidak Layak
336,79,1200000,BURUH,CERAI HIDUP,3,S1,MILIK SENDIRI,P,Ya,Ya,Ya,Tidak,Tidak,Ya,Layak
337,54,3000000,WIRASWASTA,MENIKAH,3,SMA,MILIK ORANG TUA,L,Tidak,Tidak,Tidak,Tidak,Tidak,Tidak,Tidak Layak
338,49,1000000,PETERNAK,MENIKAH,4,SMP,KONTRAK,P,Tidak,Tidak,Tidak,Ya,Tidak,Tidak,Tidak Layak
339,66,1250000,BURUH,CERAI HIDUP,3,S1,KONTRAK,P,Ya,Ya,Ya,Tidak,Tidak,Ya,Layak
340,49,1000000,PEDAGANG,MENIKAH,3,SD,MILIK SENDIRI,L,Tidak,Tidak,Tidak,Tidak,Ya,Tidak,Tidak Layak
341,59,1200000,BURUH,MENIKAH,2,SMP,MILIK SENDIRI,L,Tidak,Ya,Tidak,Tidak,Tidak,Tidak,Layak
342,71,1250000,TIDAK ADA,MENIKAH,1,SMA,MILIK SENDIRI,P,Ya,Ya,Ya,Tidak,Tidak,Ya,Layak
343,51,1200000,BERTANI,MENIKAH,3,SMA,MILIK ORANG TUA,P,Ya,Tidak,Tidak,Ya,Tidak,Tidak,Tidak Layak
344,58,1000000,BURUH,MENIKAH,2,SMA,KONTRAK,L,Ya,Tidak,Tidak,Tidak,Tidak,Tidak,Layak
345,68,1500000,TIDAK ADA,CERAI MATI,2,SMA,MILIK ORANG TUA,P,Tidak,Tidak,Tidak,Tidak,Tidak,Ya,Layak
346,47,1800000,KARYAWAN SWASTA,MENIKAH,3,SMA,BEBAS SEWA,L,Ya,Tidak,Ya,Tidak,Tidak,Tidak,Tidak Layak
347,43,1250000,BURUH,MENIKAH,2,SMA,BEBAS SEWA,L,Tidak,Tidak,Ya,Tidak,Tidak,Tidak,Layak
348,65,800000,PEDAGANG,CERAI HIDUP,1,SD,MILIK ORANG TUA,L,Tidak,Tidak,Tidak,Tidak,Tidak,Tidak,Tidak Layak
349,54,1250000,BURUH,MENIKAH,1,SMP,KONTRAK,L,Tidak,Tidak,Ya,Tidak,Tidak,Tidak,Layak
350,62,1000000,KARYAWAN SWASTA,MENIKAH,3,SMA,MILIK ORANG TUA,L,Tidak,Tidak,Ya,Tidak,Tidak,Tidak,Layak
351,88,1200000,BURUH,CERAI MATI,1,SD,MENUMPANG,P,Ya,Ya,Ya,Tidak,Tidak,Ya,Layak
352,52,1250000,BURUH,MENIKAH,4,SD,MILIK ORANG TUA,L,Tidak,Tidak,Tidak,Tidak,Tidak,Ya,Layak
353,45,1000000,BURUH,MENIKAH,3,SMP,BEBAS SEWA,L,Tidak,Ya,Tidak,Tidak,Tidak,Tidak,Layak
354,70,1200000,BERTANI,CERAI MATI,6,SMA,MILIK SENDIRI,P,Ya,Tidak,Tidak,Ya,Tidak,Ya,Tidak Layak
355,26,1250000,TIDAK ADA,BELUM MENIKAH,4,SD,MILIK ORANG TUA,L,Tidak,Ya,Ya,Tidak,Ya,Tidak,Tidak Layak
356,27,1200000,BERTANI,BELUM MENIKAH,2,SMA,MILIK ORANG TUA,P,Tidak,Tidak,Tidak,Tidak,Tidak,Tidak,Tidak Layak
357,44,1000000,TIDAK ADA,CERAI HIDUP,2,SMP,MENUMPANG,P,Tidak,Tidak,Tidak,Tidak,Tidak,Ya,Layak
358,56,1500000,KARYAWAN SWASTA,MENIKAH,1,SMA,MENUMPANG,L,Tidak,Tidak,Tidak,Tidak,Tidak,Tidak,Tidak Layak
359,45,1800000,BURUH,MENIKAH,1,S1,MILIK SENDIRI,L,Ya,Ya,Tidak,Tidak,Ya,Tidak,Layak
360,80,1250000,TIDAK ADA,CERAI MATI,4,SMP,MILIK ORANG TUA,P,Ya,Ya,Tidak,Ya,Tidak,Ya,Layak
361,58,800000,TIDAK ADA,MENIKAH,3,S1,MILIK SENDIRI,P,Tidak,Tidak,Tidak,Tidak,Tidak,Ya,Layak
362,62,1250000,TIDAK ADA,MENIKAH,4,SMA,KONTRAK,P,Tidak,Tidak,Tidak,Ya,Tidak,Tidak,Layak
363,71,1000000,TIDAK ADA,CERAI HIDUP,6,S1,KONTRAK,P,Ya,Ya,Tidak,Tidak,Tidak,Tidak,Layak
364,27,1200000,TIDAK ADA,BELUM MENIKAH,1,SD,BEBAS SEWA,P,Tidak,Tidak,Ya,Tidak,Ya,Tidak,Tidak Layak
365,66,1200000,PEDAGANG,CERAI HIDUP,2,SMA,MILIK SENDIRI,P,Ya,Tidak,Tidak,Tidak,Tidak,Tidak,Tidak Layak
366,67,1200000,WIRASWASTA,MENIKAH,3,SMP,KONTRAK,P,Tidak,Tidak,Tidak,Tidak,Tidak,Ya,Layak
367,56,0,TIDAK ADA,CERAI MATI,2,S1,MENUMPANG,P,Ya,Ya,Ya,Tidak,Tidak,Ya,Layak
368,53,1250000,WIRASWASTA,MENIKAH,1,SMA,MILIK ORANG TUA,L,Tidak,Tidak,Tidak,Tidak,Tidak,Tidak,Tidak Layak
369,45,1250000,BURUH,MENIKAH,4,SMA,MILIK ORANG TUA,L,Ya,Ya,Tidak,Tidak,Ya,Tidak,Layak
370,43,1000000,PEDAGANG,MENIKAH,3,SMA,MILIK SENDIRI,P,Tidak,Tidak,Tidak,Tidak,Tidak,Tidak,Tidak Layak
371,51,1200000,WIRASWASTA,MENIKAH,1,SMA,MENUMPANG,L,Tidak,Tidak,Tidak,Tidak,Tidak,Tidak,Tidak Layak
372,33,1250000,PEDAGANG,MENIKAH,3,S1,MILIK SENDIRI,P,Ya,Tidak,Tidak,Tidak,Tidak,Tidak,Tidak Layak
373,65,1200000,KARYAWAN SWASTA,CERAI HIDUP,1,SMP,MILIK ORANG TUA,L,Tidak,Tidak,Tidak,Tidak,Tidak,Tidak,Tidak Layak
374,77,1000000,PETERNAK,CERAI MATI,2,SD,KONTRAK,P,Ya,Tidak,Tidak,Ya,Tidak,Ya,Tidak Layak
375,40,1500000,TIDAK ADA,MENIKAH,4,SMA,MENUMPANG,P,Tidak,Tidak,Tidak,Tidak,Ya,Tidak,Layak
376,71,1800000,KARYAWAN SWASTA,CERAI MATI,3,SD,MILIK SENDIRI,L,Ya,Tidak,Tidak,Tidak,Tidak,Ya,Tidak Layak
377,27,1250000,BURUH,MENIKAH,3,SD,MILIK ORANG TUA,L,Ya,Tidak,Tidak,Tidak,Tidak,Tidak,Layak
378,64,800000,BURUH,MENIKAH,2,S1,MILIK SENDIRI,P,Ya,Tidak,Tidak,Tidak,Tidak,Tidak,Layak
379,76,1250000,BERTANI,CERAI MATI,2,SMA,BEBAS SEWA,P,Ya,Tidak,Tidak,Ya,Tidak,Ya,Tidak Layak
380,38,1000000,KARYAWAN SWASTA,MENIKAH,2,SD,BEBAS SEWA,L,Ya,Tidak,Tidak,Tidak,Ya,Tidak,Tidak Layak
381,46,1200000,KARYAWAN SWASTA,MENIKAH,2,SMA,MENUMPANG,L,Ya,Tidak,Tidak,Tidak,Tidak,Tidak,Layak
382,56,1800000,PETERNAK,MENIKAH,3,SMP,KONTRAK,P,Tidak,Tidak,Tidak,Ya,Tidak,Tidak,Tidak Layak
383,46,0,TIDAK ADA,MENIKAH,2,S1,MILIK SENDIRI,P,Tidak,Tidak,Tidak,Tidak,Tidak,Ya,Layak
384,70,1250000,BURUH,MENIKAH,2,SMA,MILIK ORANG TUA,L,Ya,Ya,Ya,Tidak,Tidak,Ya,Layak
385,44,1000000,BURUH,MENIKAH,3,SMA,MILIK SENDIRI,L,Tidak,Ya,Tidak,Tidak,Tidak,Tidak,Layak
386,61,1200000,BURUH,CERAI HIDUP,3,S1,BEBAS SEWA,P,Ya,Ya,Ya,Tidak,Tidak,Ya,Layak
387,45,1250000,PETERNAK,MENIKAH,2,SMP,MILIK SENDIRI,P,Tidak,Tidak,Tidak,Ya,Tidak,Tidak,Tidak Layak
388,57,1200000,TIDAK ADA,MENIKAH,2,S1,KONTRAK,P,Ya,Ya,Tidak,Tidak,Ya,Tidak,Layak
389,69,1000000,BERTANI,MENIKAH,2,SD,MILIK SENDIRI,L,Ya,Ya,Tidak,Tidak,Tidak,Tidak,Layak
390,71,1500000,WIRASWASTA,CERAI MATI,3,SMA,MILIK SENDIRI,L,Tidak,Tidak,Tidak,Tidak,Tidak,Ya,Tidak Layak
391,78,1800000,PETERNAK,CERAI MATI,1,SD,MILIK ORANG TUA,P,Ya,Tidak,Tidak,Ya,Tidak,Ya,Tidak Layak
392,35,1250000,PEDAGANG,MENIKAH,1,SMP,MILIK SENDIRI,L,Ya,Tidak,Tidak,Tidak,Tidak,Tidak,Tidak Layak
393,54,800000,KARYAWAN SWASTA,MENIKAH,6,SD,MILIK ORANG TUA,L,Tidak,Tidak,Ya,Tidak,Tidak,Tidak,Layak
394,74,1250000,BERTANI,CERAI MATI,1,SMA,KONTRAK,P,Ya,Tidak,Tidak,Ya,Tidak,Tidak,Tidak Layak
395,72,1000000,PETERNAK,CERAI MATI,2,SD,BEBAS SEWA,P,Ya,Tidak,Tidak,Ya,Tidak,Ya,Tidak Layak
396,57,1200000,BURUH,CERAI HIDUP,2,S1,MILIK ORANG TUA,P,Tidak,Ya,Tidak,Tidak,Tidak,Tidak,Layak
397,58,0,TIDAK ADA,CERAI MATI,1,SMA,BEBAS SEWA,P,Tidak,Tidak,Tidak,Tidak,Tidak,Ya,Layak
398,80,0,TIDAK ADA,CERAI MATI,3,SD,BEBAS SEWA,P,Ya,Ya,Tidak,Tidak,Tidak,Ya,Layak
399,40,1800000,PEDAGANG,MENIKAH,3,SMP,MILIK SENDIRI,L,Tidak,Tidak,Ya,Tidak,Tidak,Tidak,Tidak Layak
400,36,1250000,BURUH,MENIKAH,2,S1,KONTRAK,L,Ya,Ya,Ya,Tidak,Ya,Tidak,Layak
401,77,1000000,TIDAK ADA,MENIKAH,1,SMA,BEBAS SEWA,P,Ya,Ya,Tidak,Ya,Ya,Ya,Layak
402,35,1200000,BERTANI,MENIKAH,1,SMA,MILIK ORANG TUA,P,Ya,Tidak,Tidak,Tidak,Tidak,Tidak,Tidak Layak
403,30,1250000,BURUH,CERAI MATI,2,SD,MILIK SENDIRI,L,Ya,Tidak,Tidak,Ya,Tidak,Tidak,Layak
404,57,1200000,PEDAGANG,MENIKAH,1,SMP,KONTRAK,L,Tidak,Tidak,Ya,Tidak,Tidak,Tidak,Tidak Layak
405,32,1000000,BERTANI,MENIKAH,3,SMA,MILIK SENDIRI,P,Tidak,Tidak,Tidak,Tidak,Tidak,Tidak,Tidak Layak
406,39,1500000,KARYAWAN SWASTA,MENIKAH,3,S1,MILIK SENDIRI,L,Ya,Ya,Tidak,Tidak,Ya,Tidak,Layak
407,36,1800000,PETERNAK,MENIKAH,3,SMA,MILIK ORANG TUA,P,Tidak,Tidak,Tidak,Ya,Tidak,Tidak,Tidak Layak
408,54,1250000,BURUH,MENIKAH,3,SD,KONTRAK,L,Tidak,Ya,Tidak,Tidak,Tidak,Tidak,Layak
409,65,800000,BURUH,MENIKAH,3,SD,BEBAS SEWA,L,Ya,Ya,Tidak,Tidak,Ya,Ya,Layak
410,68,1250000,KARYAWAN SWASTA,CERAI HIDUP,2,SD,KONTRAK,L,Tidak,Tidak,Tidak,Tidak,Tidak,Tidak,Tidak Layak
411,66,1000000,BURUH,MENIKAH,3,SMP,BEBAS SEWA,L,Tidak,Tidak,Tidak,Ya,Tidak,Tidak,Layak
412,51,1200000,BURUH,MENIKAH,3,S1,MENUMPANG,L,Ya,Ya,Tidak,Tidak,Ya,Tidak,Layak
413,56,0,TIDAK ADA,MENIKAH,3,SMP,KONTRAK,L,Tidak,Ya,Ya,Tidak,Tidak,Tidak,Tidak Layak
414,45,800000,BERTANI,MENIKAH,3,SMA,KONTRAK,P,Tidak,Tidak,Tidak,Ya,Tidak,Tidak,Tidak Layak
415,59,1200000,BERTANI,MENIKAH,1,S1,BEBAS SEWA,P,Tidak,Tidak,Tidak,Ya,Tidak,Tidak,Tidak Layak
416,68,0,TIDAK ADA,CERAI MATI,2,S1,MENUMPANG,P,Ya,Ya,Ya,Tidak,Tidak,Ya,Layak
417,58,0,TIDAK ADA,MENIKAH,3,SD,BEBAS SEWA,P,Ya,Ya,Tidak,Tidak,Ya,Ya,Layak
418,74,1000000,PEDAGANG,CERAI MATI,2,SMP,MILIK SENDIRI,L,Ya,Tidak,Tidak,Tidak,Tidak,Tidak,Tidak Layak
419,45,3500000,KARYAWAN SWASTA,MENIKAH,3,SD,MILIK ORANG TUA,L,Ya,Tidak,Ya,Tidak,Ya,Tidak,Tidak Layak
420,77,1200000,PETERNAK,CERAI MATI,3,S1,KONTRAK,P,Tidak,Tidak,Tidak,Tidak,Tidak,Ya,Tidak Layak
421,36,1500000,PEDAGANG,MENIKAH,2,SMA,BEBAS SEWA,L,Tidak,Tidak,Tidak,Tidak,Tidak,Tidak,Tidak Layak
422,56,3500000,KARYAWAN SWASTA,MENIKAH,3,S1,KONTRAK,L,Tidak,Tidak,Tidak,Tidak,Tidak,Tidak,Tidak Layak